{"gsf_ext_low": {"__ndarray__": [0.5817307692307693, -0.5384615384615383], "dtype": "float64", "shape": [2]}, "gsf_ext_high": {"__ndarray__": [1.0865384615384617, 1.1153846153846159], "dtype": "float64", "shape": [2]}, "trans_ext_low": {"__ndarray__": [0.5480769230769234, 10.673076923076923], "dtype": "float64", "shape": [2]}, "trans_ext_high": {"__ndarray__": [1.009615384615385, 12.548076923076923], "dtype": "float64", "shape": [2]}, "nld_CT": {"Eshift": -0.8, "T": 0.47}}